Cars_name,Cars_url,Cars_price,Cars_Brand,Cars_Model,Cars_YOM,Cars_Mileage,Cars_Transmission,Cars_Fuel_Type,Cars_Engine_capacity
Honda Fit Gp5 2013 Car,https://riyasewana.com/buy/honda-fit-gp5-sale-kadawatha-2877184,4125000,Honda,Fit GP5,2013,113000,Automatic,Petrol,1490
Honda Fit Gp5 2014 Car,https://riyasewana.com/buy/honda-fit-gp5-sale-kiribathgoda-2877090,4825000,Honda,FIT GP5,2014,30000,Automatic,Petrol,1490
Honda Fit Gp5 2014 Car,https://riyasewana.com/buy/honda-fit-gp5-sale-ratnapura-2876835,4150000,Honda,FIT GP5,2014,105000,Automatic,Hybrid,1500
Honda Fit Shuttle 2011 Car,https://riyasewana.com/buy/honda-fit-shuttle-sale-katunayake-2876716,3790000,Honda,Fit Shuttle,2011,125000,Automatic,Hybrid,1330
Honda Fit Gp5 2014 Car,https://riyasewana.com/buy/honda-fit-gp5-sale-matara-2876668,4525000,Honda,FIT GP5,2014,38300,Automatic,Hybrid,1500
Honda Fit Gp5 2014 Car,https://riyasewana.com/buy/honda-fit-gp5-sale-kandy-2876564,4535000,Honda,Fit GP5,2014,79000,Automatic,Hybrid,1500
Honda Fit Gp1 Navi Premium 2012 Car,https://riyasewana.com/buy/honda-fit-gp1-sale-kandy-2876461,3785000,Honda,Fit GP1 Navi Premium,2012,77000,Automatic,Hybrid,1300
Honda Fit Gp1 2010 Car,https://riyasewana.com/buy/honda-fit-gp1-sale-negombo-2876352,3495000,Honda,Fit Gp1,2010,91000,Automatic,Hybrid,1330
Honda Fit Shuttle 2012 Car,https://riyasewana.com/buy/honda-fit-shuttle-sale-negombo-2876334,3875000,Honda,Fit Shuttle,2012,98000,Automatic,Hybrid,1330
Honda Fit Gp1 2012 Car,https://riyasewana.com/buy/honda-fit-gp1-sale-negombo-2876330,3775000,Honda,Fit Gp1,2012,83000,Automatic,Hybrid,1330
Honda Fit Shuttle 2013 Car,https://riyasewana.com/buy/honda-fit-shuttle-sale-negombo-2876326,4350000,Honda,Fit Shuttle,2013,90000,Automatic,Hybrid,1330
Honda Fit Shuttle 2012 Car,https://riyasewana.com/buy/honda-fit-shuttle-sale-negombo-2876322,3950000,Honda,Fit Shuttle,2012,89000,Automatic,Hybrid,1330
Honda Fit Shuttle Gp2 2013 Car,https://riyasewana.com/buy/honda-fit-shuttle-sale-kandana-2876287,4260000,Honda,Fit Shuttle Gp2,2013,66000,Automatic,Hybrid,1330
Honda Fit Shuttle Gp2 2013 Car,https://riyasewana.com/buy/honda-fit-shuttle-sale-kalutara-2875266,4315000,Honda,Fit Shuttle GP2,2013,10400,Automatic,Petrol,1330
Honda Fit Gp5 2014 Car,https://riyasewana.com/buy/honda-fit-gp5-sale-gampaha-2875125,4450000,Honda,Fit Gp5,2014,94000,Automatic,Petrol,1500
Honda Fit Ge6 2009 Car,https://riyasewana.com/buy/honda-fit-ge6-sale-maharagama-2874856,3350000,Honda,Fit Ge6,2009,132000,Automatic,Petrol,1300
Honda Fit Gp1 2012 Car,https://riyasewana.com/buy/honda-fit-gp1-sale-colombo-2874771,3550000,Honda,Fit GP1,2012,104000,Automatic,Hybrid,1330
Honda Fit Mugen 2013 Car,https://riyasewana.com/buy/honda-fit-mugen-sale-boralesgamuwa-2874484,4375000,Honda,FIT MUGEN,2013,121000,Automatic,Hybrid,1500
Honda Fit Aria 2008 Car,https://riyasewana.com/buy/honda-fit-aria-sale-hambantota-2874425,2800000,Honda,Fit Aria,2008,198000,Automatic,Petrol,1500
Honda Fit 2002 Car,https://riyasewana.com/buy/honda-fit-sale-matugama-2873940,2950000,Honda,Fit,2002,118680,Automatic,Petrol,1300
Honda Fit Aria 2008 Car,https://riyasewana.com/buy/honda-fit-aria-sale-horana-2873911,3475000,Honda,Fit Aria,2008,98130,Automatic,Petrol,1500
Honda Fit Aria Gd8 2007 Car,https://riyasewana.com/buy/honda-fit-aria-sale-warakapola-2873403,2975000,Honda,Fit Aria GD8,2007,189000,Automatic,Petrol,1500
Honda Fit Gp1 10th Anniversary 2012 Car,https://riyasewana.com/buy/honda-fit-gp1-sale-kurunegala-2872283,3825000,Honda,FIT GP1 10th Anniversary,2012,70000,Automatic,Petrol,1300
Honda Fit Gp5 2014 Car,https://riyasewana.com/buy/honda-fit-gp5-sale-colombo-2872213,4375000,Honda,Fit Gp5,2014,97000,Automatic,Petrol,1490
Honda Fit Gp1 2013 Car,https://riyasewana.com/buy/honda-fit-gp1-sale-matara-2871994,4025000,Honda,FIT GP1,2013,62000,Automatic,Hybrid,1300
Honda Fit Gp5 S Grade 2015 Car,https://riyasewana.com/buy/honda-fit-gp5-sale-kalutara-2871939,4945000,Honda,FIT GP5 S GRADE,2015,87000,Automatic,Petrol,1490
Honda Fit Gp5 2015 Car,https://riyasewana.com/buy/honda-fit-gp5-sale-colombo-2871878,4490000,Honda,Fit GP5,2015,98500,Automatic,Hybrid,1500
Honda Fit Gp1 2012 Car,https://riyasewana.com/buy/honda-fit-gp1-sale-matara-2871573,3675000,Honda,FIT GP1,2012,79000,Automatic,Petrol,1330
Honda Fit Gp5 L 2013 Car,https://riyasewana.com/buy/honda-fit-gp5-sale-colombo-2871292,4275000,Honda,Fit Gp5 L,2013,81000,Automatic,Hybrid,1500
Honda Fit Shuttle Navi Premium 2014 Car,https://riyasewana.com/buy/honda-fit-shuttle-sale-negombo-2870412,4650000,Honda,Fit Shuttle Navi Premium,2014,82000,Automatic,Hybrid,1300
Honda Fit Gp1 2008 Car,https://riyasewana.com/buy/honda-fit-gp1-sale-matara-2870411,3295000,Honda,FIT GP1,2008,152580,Automatic,Petrol,1300
Honda Fit Gp5 2014 Car,https://riyasewana.com/buy/honda-fit-gp5-sale-homagama-2870246,4325000,Honda,Fit GP5,2014,74000,Automatic,Hybrid,1500
Honda Fit Gp5 2014 Car,https://riyasewana.com/buy/honda-fit-gp5-sale-hatton-2870234,4480000,Honda,Fit Gp5,2014,112000,Automatic,Hybrid,1500
Honda Fit Shuttle 2011 Car,https://riyasewana.com/buy/honda-fit-shuttle-sale-nugegoda-2870181,3990000,Honda,Fit Shuttle,2011,90000,Automatic,Hybrid,1330
Honda Fit Shuttle 2014 Car,https://riyasewana.com/buy/honda-fit-shuttle-sale-colombo-2870026,4550000,Honda,Fit Shuttle,2014,58000,Automatic,Petrol,1330
Honda Fit Gp5 S Model 2014 Car,https://riyasewana.com/buy/honda-fit-gp5-sale-matugama-2869036,4890000,Honda,FIT GP5 S Model,2014,82000,Automatic,Petrol,1500
Honda Fit Gp5 2014 Car,https://riyasewana.com/buy/honda-fit-gp5-sale-colombo-2867874,4590000,Honda,Fit GP5,2014,66660,Automatic,Hybrid,1500
Honda Fit Gp1 Anniversary 2012 Car,https://riyasewana.com/buy/honda-fit-gp1-sale-kadawatha-2867468,3575000,Honda,Fit GP1 Anniversary,2012,114000,Automatic,Petrol,1300
Honda Fit Gp1 2012 Car,https://riyasewana.com/buy/honda-fit-gp1-sale-mawanella-2867023,3675000,Honda,Fit GP1,2012,136000,Automatic,Hybrid,1300
Honda Fit Shuttle Gp2 2012 Car,https://riyasewana.com/buy/honda-fit-shuttle-sale-katunayake-2866942,3900000,Honda,FIT Shuttle GP2,2012,145000,Automatic,Hybrid,1300
Honda Fit Gp2 Shuttle 2013 Car,https://riyasewana.com/buy/honda-fit-gp2-sale-beruwala-2866886,4400000,Honda,Fit GP2 Shuttle,2013,129917,Automatic,Hybrid,1330
Honda Fit 2003 Car,https://riyasewana.com/buy/honda-fit-sale-piliyandala-2866688,2875000,Honda,Fit,2003,163000,Automatic,Petrol,1300
Honda Gp1 Fit Navi Premium 2012 Car,https://riyasewana.com/buy/honda-gp1-fit-sale-galle-2866604,3890000,Honda,Gp1 Fit NAVI PREMIUM,2012,120000,Automatic,Hybrid,1330
Honda Fit Shuttle 2014 Car,https://riyasewana.com/buy/honda-fit-shuttle-sale-kalutara-2866540,3950000,Honda,Fit Shuttle,2014,160000,Automatic,Petrol,1300
Honda Fit Shuttle Gp 2 2013 Car,https://riyasewana.com/buy/honda-fit-shuttle-sale-gampaha-2866056,3595000,Honda,FIT Shuttle Gp 2,2013,83000,Automatic,Hybrid,1500
Honda Fit Shuttle 2013 Car,https://riyasewana.com/buy/honda-fit-shuttle-sale-negombo-2865681,4600000,Honda,Fit Shuttle,2013,78000,Automatic,Hybrid,1500
Honda Fit Gp5 L Grade 2014 Car,https://riyasewana.com/buy/honda-fit-gp5-sale-galle-2864843,4390000,Honda,Fit GP5 L Grade,2014,88000,Automatic,Hybrid,1500
Honda Fit Gp5 S Grade 2015 Car,https://riyasewana.com/buy/honda-fit-gp5-sale-dehiwala-mount-lavinia-2864168,5250000,Honda,FIT GP5 S GRADE,2015,84000,Automatic,Hybrid,1500
Honda Fit Gp5 S Grade 2013 Car,https://riyasewana.com/buy/honda-fit-gp5-sale-colombo-2863884,4590000,Honda,Fit GP5 S Grade,2013,82000,Automatic,Hybrid,1500
Honda Fit Aria 2007 Car,https://riyasewana.com/buy/honda-fit-aria-sale-kandy-2861306,3260000,Honda,Fit Aria,2007,110000,Automatic,Petrol,1500
Honda Fit Gp1 2010 Car,https://riyasewana.com/buy/honda-fit-gp1-sale-panadura-2860070,3490000,Honda,Fit GP1,2010,110000,Automatic,Hybrid,1300
Honda Fit Gp5 2014 Car,https://riyasewana.com/buy/honda-fit-gp5-sale-kandy-2859731,4350000,Honda,Fit GP5,2014,96000,Automatic,Petrol,1500
Honda Fit Gd1 2007 Car,https://riyasewana.com/buy/honda-fit-gd1-sale-colombo-2859458,3050000,Honda,Fit GD1,2007,260000,Automatic,Petrol,1330
Honda Fit Gp5 S Grade 2015 Car,https://riyasewana.com/buy/honda-fit-gp5-sale-colombo-2859172,4795000,Honda,Fit GP5 S GRADE,2015,98200,Automatic,Petrol,1500
Honda Fit Shuttle 2016 Car,https://riyasewana.com/buy/honda-fit-shuttle-sale-nugegoda-2859012,7650000,Honda,Fit Shuttle,2016,900,Automatic,Hybrid,1500
Honda Fit Gp5 2014 Car,https://riyasewana.com/buy/honda-fit-gp5-sale-mirigama-2858424,5000000,Honda,FIT GP5,2014,26500,Automatic,Petrol,1300
Honda Fit Gp5 L Grade 2014 Car,https://riyasewana.com/buy/honda-fit-gp5-sale-katunayake-2858252,4375000,Honda,Fit GP5 L Grade,2014,76000,Automatic,Hybrid,1500
Honda Fit Gp1 2010 Car,https://riyasewana.com/buy/honda-fit-gp1-sale-colombo-2857581,3575000,Honda,FIT GP1,2010,119452,Automatic,Petrol,1330
Honda Fit Gp5 S Grade 2015 Car,https://riyasewana.com/buy/honda-fit-gp5-sale-kurunegala-2855994,5250000,Honda,Fit Gp5 S Grade,2015,64000,Automatic,Petrol,1500
Honda Fit Shuttle 2014 Car,https://riyasewana.com/buy/honda-fit-shuttle-sale-kadawatha-2855038,4560000,Honda,Fit Shuttle,2014,105500,Automatic,Petrol,1330
Honda Fit Shuttle 2014 Car,https://riyasewana.com/buy/honda-fit-shuttle-sale-negombo-2854604,4495000,Honda,Fit Shuttle,2014,99000,Automatic,Hybrid,1339
Honda Fit S Grade 2015 Car,https://riyasewana.com/buy/honda-fit-s-sale-colombo-2853821,4850000,Honda,Fit S Grade,2015,82000,Automatic,Hybrid,1500
Honda Fit Gp1 2012 Car,https://riyasewana.com/buy/honda-fit-gp1-sale-kurunegala-2853204,4175000,Honda,FIT GP1,2012,74000,Automatic,Petrol,1300
Honda Fit Gp1 2012 Car,https://riyasewana.com/buy/honda-fit-gp1-sale-kurunegala-2853027,3780000,Honda,FIT GP1,2012,89245,Automatic,Hybrid,1300
Honda Fit Gp5 S 2014 Car,https://riyasewana.com/buy/honda-fit-gp5-sale-kandy-2852588,4575000,Honda,Fit Gp5 S,2014,49000,Automatic,Hybrid,1500
Honda Fit Gp1 2013 Car,https://riyasewana.com/buy/honda-fit-gp1-sale-badulla-2851116,3825000,Honda,FIT GP1,2013,123000,Automatic,Petrol,1300
Honda Fit Gp5 2014 Car,https://riyasewana.com/buy/honda-fit-gp5-sale-kandy-2850998,4400000,Honda,FIT GP5,2014,900000,Automatic,Petrol,1500
Honda Fit Gp1 2012 Car,https://riyasewana.com/buy/honda-fit-gp1-sale-matugama-2849325,3975000,Honda,FIT GP1,2012,116000,Automatic,Hybrid,1300
Honda Fit Gp5 2014 Car,https://riyasewana.com/buy/honda-fit-gp5-sale-colombo-2848314,4695000,Honda,Fit GP5,2014,69000,Automatic,Hybrid,1500
Honda Fit Shuttle 2013 Car,https://riyasewana.com/buy/honda-fit-shuttle-sale-boralesgamuwa-2847649,4290000,Honda,Fit Shuttle,2013,86256,Automatic,Hybrid,1330
Honda Fit Gp1 2003 Car,https://riyasewana.com/buy/honda-fit-gp1-sale-boralesgamuwa-2847601,2890000,Honda,Fit Gp1,2003,103258,Automatic,Petrol,1500
Honda Fit 2015 Car,https://riyasewana.com/buy/honda-fit-sale-kelaniya-2847455,4725000,Honda,FIT,2015,126000,Automatic,Petrol,1500
Honda Fit 2013 Car,https://riyasewana.com/buy/honda-fit-sale-bandarawela-2847380,4150000,Honda,FIT,2013,111000,Automatic,Hybrid,1500
Honda Fit Gp1 2013 Car,https://riyasewana.com/buy/honda-fit-gp1-sale-panadura-2847289,3725000,Honda,Fit GP1,2013,71000,Automatic,Petrol,1330
Honda Fit Gp1 2011 Car,https://riyasewana.com/buy/honda-fit-gp1-sale-matara-2847180,3525000,Honda,Fit Gp1,2011,107000,Automatic,Hybrid,1330
Honda Fit Gp5 2014 Car,https://riyasewana.com/buy/honda-fit-gp5-sale-nugegoda-2847178,4375000,Honda,FIT GP5,2014,61000,Automatic,Hybrid,1500
Honda Fit Gp5 2014 Car,https://riyasewana.com/buy/honda-fit-gp5-sale-panadura-2846974,4525000,Honda,FIT GP5,2014,85000,Automatic,Hybrid,1500
Honda Fit Shuttle 2013 Car,https://riyasewana.com/buy/honda-fit-shuttle-sale-kurunegala-2846844,4550000,Honda,FIT Shuttle,2013,92100,Automatic,Hybrid,1300
Honda Fit Shuttle 2012 Car,https://riyasewana.com/buy/honda-fit-shuttle-sale-kandy-2846784,3900000,Honda,Fit Shuttle,2012,93300,Automatic,Petrol,1330
Honda Fit Aria 2005 Car,https://riyasewana.com/buy/honda-fit-aria-sale-boralesgamuwa-2845855,3150000,Honda,Fit Aria,2005,164500,Automatic,Petrol,1500
Honda Fit Ge6 2007 Car,https://riyasewana.com/buy/honda-fit-ge6-sale-piliyandala-2844836,3250000,Honda,FIT GE6,2007,159000,Automatic,Petrol,1330
Honda Fit Gp1 Navi Premium 2012 Car,https://riyasewana.com/buy/honda-fit-gp1-sale-ambalangoda-2844069,3590000,Honda,Fit GP1 Navi Premium,2012,103000,Automatic,Hybrid,1330
Honda Fit Gp5 2015 Car,https://riyasewana.com/buy/honda-fit-gp5-sale-divulapitiya-2844018,5100000,Honda,Fit GP5,2015,90000,Automatic,Hybrid,1500
Honda Fit Aria 2005 Car,https://riyasewana.com/buy/honda-fit-aria-sale-kuliyapitiya-2843956,3075000,Honda,Fit Aria,2005,166911,Automatic,Petrol,1500
Honda Fit Gb1 2011 Car,https://riyasewana.com/buy/honda-fit-gb1-sale-polonnaruwa-2843471,3395000,Honda,Fit GB1,2011,95000,Automatic,Hybrid,1330
Honda Fit Gp5 2013 Car,https://riyasewana.com/buy/honda-fit-gp5-sale-gampaha-2843337,4275000,Honda,FIT GP5,2013,89000,Automatic,Hybrid,1500
Honda Fit Gp5 2014 Car,https://riyasewana.com/buy/honda-fit-gp5-sale-negombo-2843154,4375000,Honda,FIT GP5,2014,75000,Automatic,Hybrid,1500
Honda Fit Aria 2003 Car,https://riyasewana.com/buy/honda-fit-aria-sale-kandy-2842637,2875000,Honda,Fit Aria,2003,119000,Automatic,Petrol,1300
Honda Fit Shuttle Gp7 2016 Car,https://riyasewana.com/buy/honda-fit-shuttle-sale-chilaw-2840941,5300000,Honda,Fit Shuttle GP7,2016,107000,Automatic,Hybrid,1500
Honda Fit Gp1 2013 Car,https://riyasewana.com/buy/honda-fit-gp1-sale-ambalangoda-2840253,3950000,Honda,FIT GP1,2013,85000,Automatic,Hybrid,1330
Honda Fit Gp5 2015 Car,https://riyasewana.com/buy/honda-fit-gp5-sale-polonnaruwa-2838614,4750000,Honda,FIT GP5,2015,100000,Automatic,Hybrid,1500
Honda Fit Gp5 2014 Car,https://riyasewana.com/buy/honda-fit-gp5-sale-kegalle-2838072,4225000,Honda,FIT GP5,2014,82000,Automatic,Hybrid,1500
Honda Fit Gp1 2012 Car,https://riyasewana.com/buy/honda-fit-gp1-sale-matara-2836935,3725000,Honda,Fit Gp1,2012,74000,Automatic,Hybrid,1300
Honda Fit Gp5 S Grade 2014 Car,https://riyasewana.com/buy/honda-fit-gp5-sale-galle-2834955,4700000,Honda,Fit GP5 S GRADE,2014,123000,Automatic,Petrol,1500
Honda Fit Gp1 2011 Car,https://riyasewana.com/buy/honda-fit-gp1-sale-colombo-2834383,3685000,Honda,Fit GP1,2011,98000,Automatic,Hybrid,1300
Honda Fit Gp1 Navi Premium 2010 Car,https://riyasewana.com/buy/honda-fit-gp1-sale-katunayake-2833746,3495000,Honda,FIt GP1 Navi Premium,2010,100000,Automatic,Hybrid,1330
Honda Fit Shuttle 2012 Car,https://riyasewana.com/buy/honda-fit-shuttle-sale-ja-ela-2831003,3790000,Honda,Fit Shuttle,2012,100000,Automatic,Hybrid,1330
Honda Fit Gp1 2012 Car,https://riyasewana.com/buy/honda-fit-gp1-sale-kandy-2830544,3695000,Honda,FIT GP1,2012,97000,Automatic,Petrol,1500
Honda Fit Gp5 L Grade 2013 Car,https://riyasewana.com/buy/honda-fit-gp5-sale-kegalle-2830451,4290000,Honda,Fit Gp5 L Grade,2013,126000,Automatic,Petrol,1500
Honda Fit Gp5 2014 Car,https://riyasewana.com/buy/honda-fit-gp5-sale-colombo-2830173,4400000,Honda,Fit GP5,2014,85000,Automatic,Petrol,1490
Honda Fit Gp5 S Limited 2015 Car,https://riyasewana.com/buy/honda-fit-gp5-sale-mawanella-2830046,4975000,Honda,Fit Gp5 S Limited,2015,92000,Automatic,Hybrid,1500
Honda Fit Gp5 2013 Car,https://riyasewana.com/buy/honda-fit-gp5-sale-kurunegala-2829954,4290000,Honda,Fit GP5,2013,83000,Automatic,Hybrid,1500
Honda Fit Gp5 2014 Car,https://riyasewana.com/buy/honda-fit-gp5-sale-ragama-2829175,4525000,Honda,FIT GP5,2014,124000,Automatic,Petrol,1500
Honda Fit Gp1 2012 Car,https://riyasewana.com/buy/honda-fit-gp1-sale-homagama-2826975,3675000,Honda,Fit GP1,2012,106000,Automatic,Petrol,1500
Honda Fit Gp5 2014 Car,https://riyasewana.com/buy/honda-fit-gp5-sale-colombo-2826896,4200000,Honda,Fit GP5,2014,99000,Automatic,Hybrid,1600
Honda Fit Gp1 2012 Car,https://riyasewana.com/buy/honda-fit-gp1-sale-kaduwela-2826790,3575000,Honda,FIT GP1,2012,95000,Automatic,Hybrid,1300
Honda Fit 2010 Car,https://riyasewana.com/buy/honda-fit-sale-negombo-2826604,3450000,Honda,Fit,2010,95000,Automatic,Hybrid,1300
Honda Fit Gp5 2015 Car,https://riyasewana.com/buy/honda-fit-gp5-sale-katunayake-2825904,4425000,Honda,Fit Gp5,2015,85000,Automatic,Hybrid,1500
Honda Fit Gp1 2013 Car,https://riyasewana.com/buy/honda-fit-gp1-sale-gampaha-2824971,3550000,Honda,FIT GP1,2013,106000,Automatic,Petrol,1330
Honda Fit Shuttle Gp7 2015 Car,https://riyasewana.com/buy/honda-fit-shuttle-sale-colombo-2824755,6400000,Honda,Fit Shuttle GP7,2015,34000,Automatic,Hybrid,1500
Honda Fit Shuttle Gp 2 2012 Car,https://riyasewana.com/buy/honda-fit-shuttle-sale-negombo-2824005,3990000,Honda,Fit Shuttle GP 2,2012,123000,Automatic,Hybrid,1500
Honda Fit Gp5 2014 Car,https://riyasewana.com/buy/honda-fit-gp5-sale-panadura-2824004,4475000,Honda,Fit GP5,2014,75000,Automatic,Petrol,1500
Honda Fit Gp5 L 2014 Car,https://riyasewana.com/buy/honda-fit-gp5-sale-kegalle-2823966,4420000,Honda,Fit GP5 L,2014,71200,Automatic,Petrol,1500
Honda Fit Shuttle 2014 Car,https://riyasewana.com/buy/honda-fit-shuttle-sale-galle-2822354,4475000,Honda,FIT SHUTTLE,2014,92000,Automatic,Petrol,1330
Honda Fit Gp5 S 2014 Car,https://riyasewana.com/buy/honda-fit-gp5-sale-matara-2822320,4725000,Honda,Fit GP5 S,2014,89000,Automatic,Hybrid,1500
Honda Fit Gp5 2013 Car,https://riyasewana.com/buy/honda-fit-gp5-sale-kurunegala-2820704,4375000,Honda,FIT GP5,2013,73645,Automatic,Hybrid,1500
Honda Fit Gp1 2011 Car,https://riyasewana.com/buy/honda-fit-gp1-sale-kalutara-2820640,3600000,Honda,Fit GP1,2011,128000,Automatic,Petrol,1330
Honda Fit Shuttle Gp7 2015 Car,https://riyasewana.com/buy/honda-fit-shuttle-sale-beruwala-2819815,5850000,Honda,Fit Shuttle GP7,2015,107221,Automatic,Hybrid,1490
Honda Fit Gp4 Rs 2013 Car,https://riyasewana.com/buy/honda-fit-gp4-sale-gampaha-2816932,4400000,Honda,Fit GP4 RS,2013,150000,Automatic,Hybrid,1500
Honda Fit Gp1 2012 Car,https://riyasewana.com/buy/honda-fit-gp1-sale-boralesgamuwa-2816426,3990000,Honda,Fit GP1,2012,71200,Automatic,Hybrid,1330
Honda Fit Gp1 2012 Car,https://riyasewana.com/buy/honda-fit-gp1-sale-gampaha-2814272,3675000,Honda,FIT GP1,2012,85000,Automatic,Hybrid,1330
Honda Fit Gp5 2013 Car,https://riyasewana.com/buy/honda-fit-gp5-sale-pannipitiya-2813638,4300000,Honda,Fit GP5,2013,85000,Automatic,Hybrid,1500
Honda Fit Shuttle 2012 Car,https://riyasewana.com/buy/honda-fit-shuttle-sale-kalutara-2812158,4300000,Honda,FIT Shuttle,2012,18000,Automatic,Hybrid,1300
Honda Fit Shuttle 2013 Car,https://riyasewana.com/buy/honda-fit-shuttle-sale-mawanella-2810560,4150000,Honda,Fit Shuttle,2013,50000,Automatic,Hybrid,1330
Honda Fit Gp1 2012 Car,https://riyasewana.com/buy/honda-fit-gp1-sale-colombo-2810434,3875000,Honda,FIT GP1,2012,75000,Automatic,Petrol,1300
Honda Fit Gp1 2012 Car,https://riyasewana.com/buy/honda-fit-gp1-sale-colombo-2809922,3650000,Honda,Fit GP1,2012,78000,Automatic,Hybrid,1400
Honda Fit Gp5 2013 Car,https://riyasewana.com/buy/honda-fit-gp5-sale-colombo-2808949,4375000,Honda,FIT GP5,2013,86200,Automatic,Petrol,1500
Honda Fit Gp5 2014 Car,https://riyasewana.com/buy/honda-fit-gp5-sale-kurunegala-2808375,4475000,Honda,FIT GP5,2014,92000,Automatic,Petrol,1500
Honda Fit Gp5 L Grade 2014 Car,https://riyasewana.com/buy/honda-fit-gp5-sale-kuliyapitiya-2808070,4450000,Honda,FIT GP5 L Grade,2014,92000,Automatic,Hybrid,1500
Honda Fit Gp2 Shuttle 2012 Car,https://riyasewana.com/buy/honda-fit-gp2-sale-gampaha-2805484,1200000,Honda,Fit GP2 Shuttle,2012,117000,Automatic,Hybrid,1300
Honda Fit Gp1 2010 Car,https://riyasewana.com/buy/honda-fit-gp1-sale-kurunegala-2805292,3650000,Honda,Fit Gp1,2010,53000,Automatic,Hybrid,1300
Honda Fit Shuttle Gp2 2013 Car,https://riyasewana.com/buy/honda-fit-shuttle-sale-gampola-2805268,4300000,Honda,Fit Shuttle Gp2,2013,153000,Automatic,Petrol,1300
Honda Fit Shuttle 2015 Car,https://riyasewana.com/buy/honda-fit-shuttle-sale-negombo-2804685,4650000,Honda,Fit Shuttle,2015,93300,Automatic,Hybrid,1330
Honda Fit Aria Gd8 2008 Car,https://riyasewana.com/buy/honda-fit-aria-sale-kandy-2803923,3150000,Honda,Fit Aria GD8,2008,225000,Automatic,Petrol,1500
Honda Fit Gp1 2015 Car,https://riyasewana.com/buy/honda-fit-gp1-sale-kalutara-2803292,3695000,Honda,Fit GP1,2015,73450,Automatic,Hybrid,1330
Honda Fit Gp5 2013 Car,https://riyasewana.com/buy/honda-fit-gp5-sale-colombo-2803234,4375000,Honda,Fit Gp5,2013,78000,Automatic,Hybrid,1500
Honda Fit Gp5 2014 Car,https://riyasewana.com/buy/honda-fit-gp5-sale-kandy-2803126,4575000,Honda,Fit GP5,2014,68000,Automatic,Petrol,1490
Honda Fit Gp5 2013 Car,https://riyasewana.com/buy/honda-fit-gp5-sale-kotte-2801317,4450000,Honda,FIT GP5,2013,51000,Automatic,Hybrid,1500
Honda Fit Gp5 2014 Car,https://riyasewana.com/buy/honda-fit-gp5-sale-galle-2800667,4650000,Honda,Fit Gp5,2014,71000,Automatic,Petrol,1500
Honda Fit Gp5 2013 Car,https://riyasewana.com/buy/honda-fit-gp5-sale-polonnaruwa-2800432,4400000,Honda,Fit Gp5,2013,900000,Automatic,Hybrid,1500
Honda Fit Shuttle Gp7 2016 Car,https://riyasewana.com/buy/honda-fit-shuttle-sale-batticaloa-2800119,5300000,Honda,Fit Shuttle Gp7,2016,87000,Automatic,Hybrid,1500
Honda Fit Gp1 2012 Car,https://riyasewana.com/buy/honda-fit-gp1-sale-kurunegala-2799275,3490000,Honda,Fit Gp1,2012,155000,Automatic,Hybrid,1300
Honda Fit Gp1 2013 Car,https://riyasewana.com/buy/honda-fit-gp1-sale-kurunegala-2797452,3875000,Honda,Fit GP1,2013,48000,Automatic,Hybrid,1330
Honda Fit Gp5 S Grade 2013 Car,https://riyasewana.com/buy/honda-fit-gp5-sale-kurunegala-2797138,4550000,Honda,FIT GP5 S GRADE,2013,104755,Automatic,Hybrid,1500
Honda Fit Shuttle Gp7 2016 Car,https://riyasewana.com/buy/honda-fit-shuttle-sale-chilaw-2796609,5350000,Honda,Fit Shuttle GP7,2016,79000,Automatic,Hybrid,1500
Honda Fit Gp5 2013 Car,https://riyasewana.com/buy/honda-fit-gp5-sale-ja-ela-2796038,4550000,Honda,Fit GP5,2013,51000,Automatic,Petrol,1500
Honda Fit Gp1 2012 Car,https://riyasewana.com/buy/honda-fit-gp1-sale-nittambuwa-2795838,3490000,Honda,Fit Gp1,2012,120000,Automatic,Petrol,1330
Honda Fit Shuttle 2012 Car,https://riyasewana.com/buy/honda-fit-shuttle-sale-galle-2795035,4250000,Honda,Fit Shuttle,2012,120000,Automatic,Hybrid,1330
Honda Fit Gp1 2013 Car,https://riyasewana.com/buy/honda-fit-gp1-sale-kalutara-2794960,3800000,Honda,Fit Gp1,2013,95000,Automatic,Petrol,1330
Honda Fit 2014 Car,https://riyasewana.com/buy/honda-fit-sale-colombo-2794402,3625000,Honda,Fit,2014,90100,Automatic,Petrol,1330
Honda Fit Gp1 2013 Car,https://riyasewana.com/buy/honda-fit-gp1-sale-galle-2792242,3825000,Honda,Fit GP1,2013,60000,Automatic,Hybrid,1300
Honda Fit Shuttle Gp7 2015 Car,https://riyasewana.com/buy/honda-fit-shuttle-sale-batticaloa-2791915,5325000,Honda,Fit Shuttle Gp7,2015,98000,Automatic,Hybrid,1500
Honda Fit Gp5 L Grade 2014 Car,https://riyasewana.com/buy/honda-fit-gp5-sale-colombo-2790180,4450000,Honda,Fit Gp5 L Grade,2014,38000,Automatic,Hybrid,1500
Honda Fit Gp5 2014 Car,https://riyasewana.com/buy/honda-fit-gp5-sale-nittambuwa-2790026,4575000,Honda,Fit Gp5,2014,83000,Automatic,Hybrid,1500
Honda Fit Aria 2003 Car,https://riyasewana.com/buy/honda-fit-aria-sale-kandy-2789695,2885000,Honda,Fit Aria,2003,146000,Automatic,Petrol,1490
Honda Fit Gp1 2013 Car,https://riyasewana.com/buy/honda-fit-gp1-sale-ambalangoda-2789675,3975000,Honda,FIT GP1,2013,50100,Automatic,Hybrid,1300
Honda Fit 2006 Car,https://riyasewana.com/buy/honda-fit-sale-kurunegala-2789600,2825000,Honda,Fit,2006,165000,Automatic,Petrol,1300
Honda Fit Shuttle 2015 Car,https://riyasewana.com/buy/honda-fit-shuttle-sale-wattala-2788230,4700000,Honda,Fit Shuttle,2015,73000,Automatic,Hybrid,1300
Honda Fit Gp5 S Grade 2014 Car,https://riyasewana.com/buy/honda-fit-gp5-sale-kurunegala-2787035,4590000,Honda,Fit Gp5 S Grade,2014,74000,Automatic,Hybrid,1500
Honda Fit Gp2 Shuttle 2013 Car,https://riyasewana.com/buy/honda-fit-gp2-sale-colombo-2785160,4475000,Honda,Fit GP2 Shuttle,2013,121700,Automatic,Petrol,1490
Honda Fit Gp1 2013 Car,https://riyasewana.com/buy/honda-fit-gp1-sale-colombo-2782777,4100000,Honda,FIT GP1,2013,141000,Automatic,Petrol,1500
Toyota Aqua 2013 Car,https://riyasewana.com/buy/toyota-aqua-sale-negombo-2877388,4050000,Toyota,Aqua,2013,67000,Automatic,Petrol,1500
Toyota Aqua S Grade Limited 2014 Car,https://riyasewana.com/buy/toyota-aqua-s-sale-tangalle-2877097,4300000,Toyota,Aqua S Grade Limited,2014,84000,Automatic,Hybrid,1500
Toyota Aqua 2015 Car,https://riyasewana.com/buy/toyota-aqua-sale-battaramulla-2876756,4790000,Toyota,Aqua,2015,52000,Automatic,Petrol,1500
Toyota Aqua 2012 Car,https://riyasewana.com/buy/toyota-aqua-sale-kaduwela-2876347,4070000,Toyota,Aqua,2012,120000,Automatic,Hybrid,1000
Toyota Aqua 2012 Car,https://riyasewana.com/buy/toyota-aqua-sale-homagama-2876292,3990000,Toyota,Aqua,2012,75300,Automatic,Hybrid,1500
Toyota Aqua 2013 Car,https://riyasewana.com/buy/toyota-aqua-sale-kandy-2876079,4178500,Toyota,Aqua,2013,83000,Automatic,Hybrid,1500
Toyota Aqua 2015 Car,https://riyasewana.com/buy/toyota-aqua-sale-gampaha-2875965,5100000,Toyota,Aqua,2015,37000,Automatic,Hybrid,1500
Toyota Aqua G Grade 2013 Car,https://riyasewana.com/buy/toyota-aqua-g-sale-galle-2875942,3845000,Toyota,Aqua G Grade,2013,86000,Automatic,Hybrid,1500
Toyota Aqua 2012 Car,https://riyasewana.com/buy/toyota-aqua-sale-galle-2875228,4100000,Toyota,Aqua,2012,76000,Automatic,Petrol,1490
Toyota Aqua G Grade 2013 Car,https://riyasewana.com/buy/toyota-aqua-g-sale-mawanella-2875091,4275000,Toyota,Aqua G Grade,2013,60000,Automatic,Petrol,1500
Toyota Aqua 2015 Car,https://riyasewana.com/buy/toyota-aqua-sale-matara-2874914,4975000,Toyota,Aqua,2015,55000,Automatic,Hybrid,1500
Toyota Aqua 2014 Car,https://riyasewana.com/buy/toyota-aqua-sale-kandy-2873763,4375000,Toyota,Aqua,2014,140000,Automatic,Hybrid,1500
Toyota Aqua 2012 Car,https://riyasewana.com/buy/toyota-aqua-sale-kaduwela-2873386,3850000,Toyota,Aqua,2012,140000,Automatic,Hybrid,1500
Toyota Aqua 2016 Car,https://riyasewana.com/buy/toyota-aqua-sale-wattala-2873261,5090000,Toyota,Aqua,2016,88000,Automatic,Hybrid,1500
Toyota Aqua 2014 Car,https://riyasewana.com/buy/toyota-aqua-sale-matara-2873178,4350000,Toyota,Aqua,2014,76000,Automatic,Petrol,1500
Toyota Aqua 2015 Car,https://riyasewana.com/buy/toyota-aqua-sale-ampara-2872927,5030000,Toyota,Aqua,2015,70000,Automatic,Hybrid,1500
Toyota Aqua G Grade 2016 Car,https://riyasewana.com/buy/toyota-aqua-g-sale-mirigama-2872869,4750000,Toyota,AQUA G GRADE,2016,81000,Automatic,Hybrid,1490
Toyota Aqua 2013 Car,https://riyasewana.com/buy/toyota-aqua-sale-chilaw-2872771,4100000,Toyota,Aqua,2013,68000,Automatic,Petrol,1500
Toyota Aqua G 2012 Car,https://riyasewana.com/buy/toyota-aqua-g-sale-kaduwela-2872716,4070000,Toyota,Aqua G,2012,120000,Automatic,Hybrid,1500
Toyota Aqua S Limited 2014 Car,https://riyasewana.com/buy/toyota-aqua-s-sale-kandana-2872476,4300000,Toyota,Aqua S Limited,2014,84000,Automatic,Hybrid,1500
Toyota Aqua S Limited 2015 Car,https://riyasewana.com/buy/toyota-aqua-s-sale-wennappuwa-2872404,4095000,Toyota,Aqua S Limited,2015,89700,Automatic,Hybrid,1490
Toyota Aqua S Limited 2014 Car,https://riyasewana.com/buy/toyota-aqua-s-sale-kurunegala-2872318,4450000,Toyota,Aqua S Limited,2014,98232,Automatic,Petrol,1500
Toyota Aqua S Limited 2013 Car,https://riyasewana.com/buy/toyota-aqua-s-sale-kurunegala-2872151,4195000,Toyota,Aqua S Limited,2013,78000,Automatic,Hybrid,1490
Toyota Aqua G Grade 2012 Car,https://riyasewana.com/buy/toyota-aqua-g-sale-galle-2871843,3890000,Toyota,Aqua G Grade,2012,87000,Automatic,Hybrid,1500
Toyota Aqua 2013 Car,https://riyasewana.com/buy/toyota-aqua-sale-colombo-2871757,4300000,Toyota,Aqua,2013,107000,Automatic,Hybrid,1500
Toyota Aqua 2012 Car,https://riyasewana.com/buy/toyota-aqua-sale-wennappuwa-2871385,3950000,Toyota,Aqua,2012,95632,Automatic,Hybrid,1500
Toyota Aqua 2015 Car,https://riyasewana.com/buy/toyota-aqua-sale-colombo-2871240,5375000,Toyota,Aqua,2015,12900,Automatic,Hybrid,1500
Toyota Aqua 2013 Car,https://riyasewana.com/buy/toyota-aqua-sale-panadura-2871227,4150000,Toyota,Aqua,2013,9100,Automatic,Hybrid,1500
Toyota Aqua 2012 Car,https://riyasewana.com/buy/toyota-aqua-sale-kandy-2871188,4050000,Toyota,Aqua,2012,120000,Automatic,Petrol,1500
Toyota Aqua G Grade 2013 Car,https://riyasewana.com/buy/toyota-aqua-g-sale-negombo-2870828,4395000,Toyota,Aqua G Grade,2013,82000,Automatic,Hybrid,1500
Toyota Aqua 2012 Car,https://riyasewana.com/buy/toyota-aqua-sale-panadura-2870348,3795000,Toyota,Aqua,2012,98000,Automatic,Hybrid,1500
Toyota Aqua 2012 Car,https://riyasewana.com/buy/toyota-aqua-sale-kadawatha-2870212,3925000,Toyota,Aqua,2012,91000,Automatic,Petrol,1500
Toyota Aqua G Grade 2012 Car,https://riyasewana.com/buy/toyota-aqua-g-sale-homagama-2869973,4125000,Toyota,Aqua G GRADE,2012,83000,Automatic,Hybrid,1500
Toyota Aqua 2012 Car,https://riyasewana.com/buy/toyota-aqua-sale-kandy-2869915,3750000,Toyota,Aqua,2012,93500,Automatic,Hybrid,1500
Toyota Aqua S 2014 Car,https://riyasewana.com/buy/toyota-aqua-s-sale-matara-2869858,4200000,Toyota,Aqua S,2014,110000,Automatic,Hybrid,1500
Toyota Aqua 2012 Car,https://riyasewana.com/buy/toyota-aqua-sale-beruwala-2869337,3750000,Toyota,Aqua,2012,102000,Automatic,Hybrid,1490
Toyota Aqua 2013 Car,https://riyasewana.com/buy/toyota-aqua-sale-kadawatha-2868959,4175000,Toyota,Aqua,2013,86000,Automatic,Hybrid,1500
Toyota Aqua 2013 Car,https://riyasewana.com/buy/toyota-aqua-sale-battaramulla-2868473,4390000,Toyota,Aqua,2013,65000,Automatic,Petrol,1500
Toyota Aqua G Grade 2014 Car,https://riyasewana.com/buy/toyota-aqua-g-sale-hambantota-2868169,3925000,Toyota,AQUA G Grade,2014,78550,Automatic,Hybrid,1500
Toyota Aqua 2012 Car,https://riyasewana.com/buy/toyota-aqua-sale-kandy-2868046,3765000,Toyota,Aqua,2012,111000,Automatic,Hybrid,1500
Toyota Aqua 2014 Car,https://riyasewana.com/buy/toyota-aqua-sale-galle-2867588,4625000,Toyota,Aqua,2014,99750,Automatic,Hybrid,1490
Toyota Aqua G Grade 2015 Car,https://riyasewana.com/buy/toyota-aqua-g-sale-boralesgamuwa-2867272,4850000,Toyota,Aqua G Grade,2015,91000,Automatic,Hybrid,1500
Toyota Aqua G Grade 2012 Car,https://riyasewana.com/buy/toyota-aqua-g-sale-chilaw-2866894,3985000,Toyota,Aqua G Grade,2012,110000,Automatic,Hybrid,1500
Toyota Aqua 2012 Car,https://riyasewana.com/buy/toyota-aqua-sale-kandy-2866716,3975000,Toyota,Aqua,2012,85000,Automatic,Petrol,1500
Toyota Aqua G Grade 2013 Car,https://riyasewana.com/buy/toyota-aqua-g-sale-colombo-2866683,4275000,Toyota,Aqua G Grade,2013,69000,Automatic,Hybrid,1500
Toyota Aqua G 2012 Car,https://riyasewana.com/buy/toyota-aqua-g-sale-malabe-2866310,4070000,Toyota,Aqua G,2012,120000,Automatic,Hybrid,1500
Toyota Aqua 2014 Car,https://riyasewana.com/buy/toyota-aqua-sale-kalutara-2865953,4225000,Toyota,Aqua,2014,103000,Automatic,Petrol,1500
Toyota Aqua 2014 Car,https://riyasewana.com/buy/toyota-aqua-sale-colombo-2865715,4400000,Toyota,Aqua,2014,50000,Automatic,Hybrid,1500
Toyota Aqua 2014 Car,https://riyasewana.com/buy/toyota-aqua-sale-matara-2865690,4275000,Toyota,Aqua,2014,96000,Automatic,Hybrid,1500
Toyota Aqua G Limited 2015 Car,https://riyasewana.com/buy/toyota-aqua-g-sale-welimada-2864986,4325000,Toyota,Aqua G Limited,2015,64800,Automatic,Hybrid,1500
Toyota Aqua G Limited 2015 Car,https://riyasewana.com/buy/toyota-aqua-g-sale-welimada-2864986,4325000,Toyota,Aqua G Limited,2015,64800,Automatic,Hybrid,1500
Toyota Aqua S 2013 Car,https://riyasewana.com/buy/toyota-aqua-s-sale-dehiwala-mount-lavinia-2864771,4175000,Toyota,Aqua S,2013,135000,Automatic,Petrol,1500
Toyota Aqua G Limited 2012 Car,https://riyasewana.com/buy/toyota-aqua-g-sale-mawanella-2864718,4350000,Toyota,Aqua G Limited,2012,84000,Automatic,Hybrid,1500
Toyota Aqua G Sports 2014 Car,https://riyasewana.com/buy/toyota-aqua-g-sale-pannipitiya-2864690,4490000,Toyota,Aqua G Sports,2014,79800,Automatic,Hybrid,1500
Toyota Aqua S Grade 2013 Car,https://riyasewana.com/buy/toyota-aqua-s-sale-gampaha-2864501,3890000,Toyota,Aqua S Grade,2013,81323,Automatic,Hybrid,1500
Toyota Aqua S 2013 Car,https://riyasewana.com/buy/toyota-aqua-s-sale-wattala-2864453,4025000,Toyota,Aqua S,2013,123000,Automatic,Hybrid,1500
Toyota Aqua G Grade 2012 Car,https://riyasewana.com/buy/toyota-aqua-g-sale-anuradapura-2864087,3725000,Toyota,Aqua G Grade,2012,145000,Automatic,Hybrid,1300
Toyota Aqua G Grade 2014 Car,https://riyasewana.com/buy/toyota-aqua-g-sale-kaduwela-2863818,4325000,Toyota,Aqua G Grade,2014,85000,Automatic,Hybrid,1500
Toyota Aqua 2013 Car,https://riyasewana.com/buy/toyota-aqua-sale-gampaha-2863472,4400000,Toyota,Aqua,2013,150000,Automatic,Hybrid,1500
Toyota Aqua 2012 Car,https://riyasewana.com/buy/toyota-aqua-sale-matara-2863190,4175000,Toyota,Aqua,2012,110000,Automatic,Hybrid,1500
Toyota Aqua S Grade 2012 Car,https://riyasewana.com/buy/toyota-aqua-s-sale-mawanella-2862087,3850000,Toyota,Aqua S Grade,2012,108000,Automatic,Hybrid,1500
Toyota Aqua 2014 Car,https://riyasewana.com/buy/toyota-aqua-sale-matara-2861565,4225000,Toyota,Aqua,2014,123700,Automatic,Hybrid,1500
Toyota Aqua G Grade Limited 2014 Car,https://riyasewana.com/buy/toyota-aqua-g-sale-kelaniya-2861326,4990000,Toyota,Aqua G Grade Limited,2014,83100,Automatic,Petrol,1500
Toyota Aqua 2014 Car,https://riyasewana.com/buy/toyota-aqua-sale-eheliyagoda-2860722,4750000,Toyota,Aqua,2014,83000,Automatic,Hybrid,1500
Toyota Aqua 2013 Car,https://riyasewana.com/buy/toyota-aqua-sale-avissawella-2860228,3950000,Toyota,Aqua,2013,31000,Automatic,Hybrid,1500
Toyota Aqua S 2011 Car,https://riyasewana.com/buy/toyota-aqua-s-sale-panadura-2860102,3825000,Toyota,Aqua S,2011,142000,Automatic,Hybrid,1500
Toyota Aqua 2013 Car,https://riyasewana.com/buy/toyota-aqua-sale-matara-2860049,4295000,Toyota,Aqua,2013,78935,Automatic,Hybrid,1500
Toyota Aqua S 2014 Car,https://riyasewana.com/buy/toyota-aqua-s-sale-kandy-2860016,4275000,Toyota,Aqua S,2014,90000,Automatic,Hybrid,1500
Toyota Aqua Urban 2015 Car,https://riyasewana.com/buy/toyota-aqua-urban-sale-boralesgamuwa-2859674,4990000,Toyota,AQUA URBAN,2015,65318,Automatic,Hybrid,1500
Toyota Aqua 2015 Car,https://riyasewana.com/buy/toyota-aqua-sale-kandy-2859548,4250000,Toyota,Aqua,2015,890000,Automatic,Petrol,1500
Toyota Aqua 2012 Car,https://riyasewana.com/buy/toyota-aqua-sale-matara-2858059,3850000,Toyota,Aqua,2012,180,Automatic,Hybrid,1500
Toyota Aqua S Limited 2013 Car,https://riyasewana.com/buy/toyota-aqua-s-sale-colombo-2857774,4175000,Toyota,Aqua S Limited,2013,70000,Automatic,Hybrid,1500
Toyota Aqua S Grade 2013 Car,https://riyasewana.com/buy/toyota-aqua-s-sale-gampaha-2857427,4150000,Toyota,Aqua S Grade,2013,83000,Automatic,Hybrid,1500
Toyota Aqua 2015 Car,https://riyasewana.com/buy/toyota-aqua-sale-matara-2857423,5285000,Toyota,Aqua,2015,46000,Automatic,Hybrid,1500
Toyota Aqua 2016 Car,https://riyasewana.com/buy/toyota-aqua-sale-kandy-2857322,4750000,Toyota,Aqua,2016,80000,Automatic,Petrol,1500
Toyota Aqua G Grade 2015 Car,https://riyasewana.com/buy/toyota-aqua-g-sale-nugegoda-2857148,4725000,Toyota,Aqua G Grade,2015,86000,Automatic,Hybrid,1500
Toyota Aqua 2012 Car,https://riyasewana.com/buy/toyota-aqua-sale-matara-2857008,3875000,Toyota,Aqua,2012,120000,Automatic,Hybrid,1500
Toyota Aqua S Limited 2013 Car,https://riyasewana.com/buy/toyota-aqua-s-sale-kurunegala-2856303,4185000,Toyota,Aqua S Limited,2013,78000,Automatic,Hybrid,1490
Toyota Aqua 2015 Car,https://riyasewana.com/buy/toyota-aqua-sale-kurunegala-2855376,4800000,Toyota,Aqua,2015,54000,Automatic,Petrol,1490
Toyota Aqua S Limited 2014 Car,https://riyasewana.com/buy/toyota-aqua-s-sale-anuradapura-2855238,4350000,Toyota,AQUA S Limited,2014,83000,Automatic,Hybrid,1490
Toyota Aqua G Grade 2012 Car,https://riyasewana.com/buy/toyota-aqua-g-sale-ratnapura-2854829,4275000,Toyota,Aqua G Grade,2012,100200,Automatic,Hybrid,1490
Toyota Aqua 2012 Car,https://riyasewana.com/buy/toyota-aqua-sale-wennappuwa-2854823,3990000,Toyota,Aqua,2012,123000,Automatic,Hybrid,1490
Toyota Aquaregistered Year 2013 Car,https://riyasewana.com/buy/toyota-aquaregistered-year-sale-boralesgamuwa-2854685,3940000,Toyota,AQUARegistered Year,2013,75000,Automatic,Petrol,1500
Toyota Aqua 2013 Car,https://riyasewana.com/buy/toyota-aqua-sale-wennappuwa-2854471,4090000,Toyota,Aqua,2013,96000,Automatic,Hybrid,1500
Toyota Aqua G 2014 Car,https://riyasewana.com/buy/toyota-aqua-g-sale-kurunegala-2854455,4375000,Toyota,Aqua G,2014,87000,Automatic,Hybrid,1500
Toyota Aqua 2012 Car,https://riyasewana.com/buy/toyota-aqua-sale-gampaha-2854079,3975000,Toyota,Aqua,2012,107000,Automatic,Petrol,1500
Toyota Aqua 2014 Car,https://riyasewana.com/buy/toyota-aqua-sale-boralesgamuwa-2853924,4260000,Toyota,Aqua,2014,70000,Automatic,Hybrid,1500
Toyota Aqua 2012 Car,https://riyasewana.com/buy/toyota-aqua-sale-polgahawela-2853882,3790000,Toyota,Aqua,2012,130000,Automatic,Petrol,1500
Toyota Aqua X Urban 2015 Car,https://riyasewana.com/buy/toyota-aqua-x-sale-ampara-2853086,5100000,Toyota,Aqua X Urban,2015,61000,Automatic,Hybrid,1500
Toyota Aqua G Grade 2012 Car,https://riyasewana.com/buy/toyota-aqua-g-sale-colombo-2853052,3890000,Toyota,AQUA G Grade,2012,80700,Automatic,Hybrid,1500
Toyota Aqua 2013 Car,https://riyasewana.com/buy/toyota-aqua-sale-dehiwala-mount-lavinia-2852266,4090000,Toyota,Aqua,2013,64820,Automatic,Hybrid,1490
Toyota Aqua 2017 Car,https://riyasewana.com/buy/toyota-aqua-sale-chilaw-2851536,6275000,Toyota,Aqua,2017,27400,Automatic,Hybrid,1500
Toyota Aqua S Grade 2012 Car,https://riyasewana.com/buy/toyota-aqua-s-sale-panadura-2851415,3800000,Toyota,Aqua S Grade,2012,135000,Automatic,Hybrid,1490
Toyota Aqua 2014 Car,https://riyasewana.com/buy/toyota-aqua-sale-bandarawela-2851380,4490000,Toyota,Aqua,2014,80000,Automatic,Hybrid,1500
Toyota Aqua 2013 Car,https://riyasewana.com/buy/toyota-aqua-sale-anuradapura-2850988,4250000,Toyota,Aqua,2013,93000,Automatic,Hybrid,1500
Toyota Aqua G 2013 Car,https://riyasewana.com/buy/toyota-aqua-g-sale-homagama-2850489,4300000,Toyota,Aqua G,2013,74000,Automatic,Hybrid,1500
Toyota Aqua 2012 Car,https://riyasewana.com/buy/toyota-aqua-sale-kalutara-2850463,4060000,Toyota,AQUA,2012,89000,Automatic,Petrol,1500
Toyota Aqua 2012 Car,https://riyasewana.com/buy/toyota-aqua-sale-kurunegala-2848243,4200000,Toyota,Aqua,2012,80000,Automatic,Petrol,1500
Toyota Aqua 2015 Car,https://riyasewana.com/buy/toyota-aqua-sale-tangalle-2848076,4800000,Toyota,Aqua,2015,63500,Automatic,Hybrid,1500
Toyota Aqua 2014 Car,https://riyasewana.com/buy/toyota-aqua-sale-boralesgamuwa-2847850,4290000,Toyota,Aqua,2014,91452,Automatic,Hybrid,1500
Toyota Aqua 2014 Car,https://riyasewana.com/buy/toyota-aqua-sale-homagama-2847690,3775000,Toyota,AQUA,2014,58000,Automatic,Hybrid,1500
Toyota Aqua 2012 Car,https://riyasewana.com/buy/toyota-aqua-sale-nugegoda-2847414,4190000,Toyota,Aqua,2012,93000,Automatic,Petrol,1499
Toyota Aqua 2012 Car,https://riyasewana.com/buy/toyota-aqua-sale-panadura-2846683,3900000,Toyota,Aqua,2012,120000,Automatic,Hybrid,1500
